Ікусова Світлана Анатоліївна	Відділення № 1330566	;;;2022-03-31 23:59:59;2020-02-02 00:00:01;2022-03-31 23:59:59
ruanyurko26;;;2022-03-31 23:59:59;2020-02-02 00:00:01;2022-03-31 23:59:59
gaseyefimenko714;;;2022-03-31 23:59:59;2020-02-02 00:00:01;2022-03-31 23:59:59
olviyermakova746;;;2022-03-31 23:59:59;2020-02-02 00:00:01;2022-03-31 23:59:59
vaseschvezj957;;;2022-03-31 23:59:59;2020-02-02 00:00:01;2022-03-31 23:59:59
naolsolovyanova5306;;;2022-03-31 23:59:59;2020-02-02 00:00:01;2022-03-31 23:59:59
ansekuhar6520;;;2022-03-31 23:59:59;2020-02-02 00:00:01;2022-03-31 23:59:59
karukruchyna6210;;;2022-03-31 23:59:59;2020-02-02 00:00:01;2022-03-31 23:59:59
anpehrej0151;;;2022-03-31 23:59:59;2020-02-02 00:00:01;2022-03-31 23:59:59
tesemudra3828;;;2022-03-31 23:59:59;2020-02-02 00:00:01;2022-03-31 23:59:59
okanmandish5249;;;2022-03-31 23:59:59;2020-02-02 00:00:01;2022-03-31 23:59:59
kakomokrizjka3114;;;2022-03-31 23:59:59;2020-02-02 00:00:01;2022-03-31 23:59:59
podolyaksvse8014;;;2022-03-31 23:59:59;2020-02-02 00:00:01;2022-03-31 23:59:59
mapeschvarz3061;;;2022-03-31 23:59:59;2020-02-02 00:00:01;2022-03-31 23:59:59
yulolgavrilyuk5031;;;2022-03-31 23:59:59;2020-02-02 00:00:01;2022-03-31 23:59:59
anvosuschko9964;;;2022-03-31 23:59:59;2020-02-02 00:00:01;2022-03-31 23:59:59
aledsereda82900;;;2022-03-31 23:59:59;2020-02-02 00:00:01;2022-03-31 23:59:59
liankondratenko8135;;;2022-03-31 23:59:59;2020-02-02 00:00:01;2022-03-31 23:59:59
naolsilkina4420;;;2022-03-31 23:59:59;2020-02-02 00:00:01;2022-03-31 23:59:59
olvistirnik8605;;;2022-03-31 23:59:59;2020-02-02 00:00:01;2022-03-31 23:59:59
navischaposchnikova5518;;;2022-03-31 23:59:59;2020-02-02 00:00:01;2022-03-31 23:59:59
dmdmmerkulov3339;;;2022-03-31 23:59:59;2020-02-02 00:00:01;2022-03-31 23:59:59
seyurogolj7000;;;2022-03-31 23:59:59;2020-02-02 00:00:01;2022-03-31 23:59:59
olgrdoloshko6266;;;2022-03-31 23:59:59;2020-02-02 00:00:01;2022-03-31 23:59:59
daoltkashenko0286;;;2022-03-31 23:59:59;2020-02-02 00:00:01;2022-03-31 23:59:59
limyorehivsjka3679;;;2022-03-31 23:59:59;2020-02-02 00:00:01;2022-03-31 23:59:59
okolluzik7227;;;2022-03-31 23:59:59;2020-02-02 00:00:01;2022-03-31 23:59:59
irvaterpelyuk7435;;;2022-03-31 23:59:59;2020-02-02 00:00:01;2022-03-31 23:59:59
anvakraskovsjka0640;;;2022-03-31 23:59:59;2020-02-02 00:00:01;2022-03-31 23:59:59
alyursubota1133;;;2022-03-31 23:59:59;2020-02-02 00:00:01;2022-03-31 23:59:59
irelagayeva6383;;;2022-03-31 23:59:59;2020-02-02 00:00:01;2022-03-31 23:59:59
anselykova3150;;;2022-03-31 23:59:59;2020-02-02 00:00:01;2022-03-31 23:59:59
myvasofilkanych4359;;;2022-03-31 23:59:59;2020-02-02 00:00:01;2022-03-31 23:59:59
irvostratiyenko8330;;;2022-03-31 23:59:59;2020-02-02 00:00:01;2022-03-31 23:59:59
naolgolovchenko6924;;;2022-03-31 23:59:59;2020-02-02 00:00:01;2022-03-31 23:59:59
anolhomenko7606;;;2022-03-31 23:59:59;2020-02-02 00:00:01;2022-03-31 23:59:59
yulvarupenko5561;;;2022-03-31 23:59:59;2020-02-02 00:00:01;2022-03-31 23:59:59
ansepasjeka8061;;;2022-03-31 23:59:59;2020-02-02 00:00:01;2022-03-31 23:59:59
svviryabchenko9656;;;2022-03-31 23:59:59;2020-02-02 00:00:01;2022-03-31 23:59:59
laanyazkova7032;;;2022-03-31 23:59:59;2020-02-02 00:00:01;2022-03-31 23:59:59
ololberegova3439;;;2022-03-31 23:59:59;2020-02-02 00:00:01;2022-03-31 23:59:59
yulyursyrotsjka5114;;;2022-03-31 23:59:59;2020-02-02 00:00:01;2022-03-31 23:59:59
oligbatzura8184;;;2022-03-31 23:59:59;2020-02-02 00:00:01;2022-03-31 23:59:59
oligbazura8184;;;2022-03-31 23:59:59;2020-02-02 00:00:01;2022-03-31 23:59:59
ansekoschelivsjka7908;;;2022-03-31 23:59:59;2020-02-02 00:00:01;2022-03-31 23:59:59
dmmystanchev3459;;;2022-03-31 23:59:59;2020-02-02 00:00:01;2022-03-31 23:59:59
vividaniljchenko0270;;;2022-03-31 23:59:59;2020-02-02 00:00:01;2022-03-31 23:59:59
ololsafin3026;;;2022-03-31 23:59:59;2020-02-02 00:00:01;2022-03-31 23:59:59
davozyuzjko03166;;;2022-03-31 23:59:59;2020-02-02 00:00:01;2022-03-31 23:59:59
davomyhajlychenko7518;;;2022-03-31 23:59:59;2020-02-02 00:00:01;2022-03-31 23:59:59
andmdubina1135;;;2022-03-31 23:59:59;2020-02-02 00:00:01;2022-03-31 23:59:59
nimishabanenko4828;;;2022-03-31 23:59:59;2020-02-02 00:00:01;2022-03-31 23:59:59
iriggoljeusova5082;;;2022-03-31 23:59:59;2020-02-02 00:00:01;2022-03-31 23:59:59
mamimatvijshuk0972;;;2022-03-31 23:59:59;2020-02-02 00:00:01;2022-03-31 23:59:59
anmitajkalo8822;;;2022-03-31 23:59:59;2020-02-02 00:00:01;2022-03-31 23:59:59
invaklyushko4011;;;2022-03-31 23:59:59;2020-02-02 00:00:01;2022-03-31 23:59:59
hrpekarpenko2246;;;2022-03-31 23:59:59;2020-02-02 00:00:01;2022-03-31 23:59:59
yanigohotyuk7809;;;2022-03-31 23:59:59;2020-02-02 00:00:01;2022-03-31 23:59:59
arvolugovij6382;;;2022-03-31 23:59:59;2020-02-02 00:00:01;2022-03-31 23:59:59
mamianisenko1168;;;2022-03-31 23:59:59;2020-02-02 00:00:01;2022-03-31 23:59:59
maaronopriyenko3531;;;2022-03-31 23:59:59;2020-02-02 00:00:01;2022-03-31 23:59:59
okyarkovalj7237;;;2022-03-31 23:59:59;2020-02-02 00:00:01;2022-03-31 23:59:59
oledborovyk2384;;;2022-03-31 23:59:59;2020-02-02 00:00:01;2022-03-31 23:59:59
mygrproroka9014;;;2022-03-31 23:59:59;2020-02-02 00:00:01;2022-03-31 23:59:59
kaolkuzjmenko0731;;;2022-03-31 23:59:59;2020-02-02 00:00:01;2022-03-31 23:59:59
s.lavris;;;2022-03-31 23:59:59;2020-02-02 00:00:01;2022-03-31 23:59:59
Iserdyuk;;;2022-03-31 23:59:59;2020-02-02 00:00:01;2022-03-31 23:59:59
mihvostik4169;;;2022-03-31 23:59:59;2020-02-02 00:00:01;2022-03-31 23:59:59
noportnova;;;2022-03-31 23:59:59;2020-02-02 00:00:01;2022-03-31 23:59:59
kdemydenko;;;2022-03-31 23:59:59;2020-02-02 00:00:01;2022-03-31 23:59:59
nbezsmolna;;;2022-03-31 23:59:59;2020-02-02 00:00:01;2022-03-31 23:59:59
mtymofijchuk;;;2022-03-31 23:59:59;2020-02-02 00:00:01;2022-03-31 23:59:59
iteplyuk;;;2022-03-31 23:59:59;2020-02-02 00:00:01;2022-03-31 23:59:59
tbarabolya;;;2022-03-31 23:59:59;2020-02-02 00:00:01;2022-03-31 23:59:59
lpilipenko;;;2022-03-31 23:59:59;2020-02-02 00:00:01;2022-03-31 23:59:59
kbojchuk;;;2022-03-31 23:59:59;2020-02-02 00:00:01;2022-03-31 23:59:59
svstanciyer;;;2022-03-31 23:59:59;2020-02-02 00:00:01;2022-03-31 23:59:59
mavashelenko2994;;;2022-03-31 23:59:59;2020-02-02 00:00:01;2022-03-31 23:59:59
ioandriyevska;;;2022-03-31 23:59:59;2020-02-02 00:00:01;2022-03-31 23:59:59
svsafronova;;;2022-03-31 23:59:59;2020-02-02 00:00:01;2022-03-31 23:59:59
eimazur;;;2022-03-31 23:59:59;2020-02-02 00:00:01;2022-03-31 23:59:59
yuiyacyshena;;;2022-03-31 23:59:59;2020-02-02 00:00:01;2022-03-31 23:59:59
nmfilonenko;;;2022-03-31 23:59:59;2020-02-02 00:00:01;2022-03-31 23:59:59
NVKushnir;;;2022-03-31 23:59:59;2020-02-02 00:00:01;2022-03-31 23:59:59
AMTkachenko;;;2022-03-31 23:59:59;2020-02-02 00:00:01;2022-03-31 23:59:59
viyevzelensjka5549;;;2022-03-31 23:59:59;2020-02-02 00:00:01;2022-03-31 23:59:59
yanvozhyhoryeva6674;;;2022-03-31 23:59:59;2020-02-02 00:00:01;2022-03-31 23:59:59
bazhulindanilo292;;;2022-03-31 23:59:59;2020-02-02 00:00:01;2022-03-31 23:59:59
dadebazhulin7016;;;2022-03-31 23:59:59;2020-02-02 00:00:01;2022-03-31 23:59:59
gayurartyushkina6616;;;2022-03-31 23:59:59;2020-02-02 00:00:01;2022-03-31 23:59:59
uljyanovakv20190415;;;2022-03-31 23:59:59;2020-02-02 00:00:01;2022-03-31 23:59:59
olvyabartkevych7928;;;2022-03-31 23:59:59;2020-02-02 00:00:01;2022-03-31 23:59:59
toverovsjkasv05;;;2022-03-31 23:59:59;2020-02-02 00:00:01;2022-03-31 23:59:59
dudaoye15;;;2022-03-31 23:59:59;2020-02-02 00:00:01;2022-03-31 23:59:59
kobrusmm19;;;2022-03-31 23:59:59;2020-02-02 00:00:01;2022-03-31 23:59:59
puhaljsvitlana261;;;2022-03-31 23:59:59;2020-02-02 00:00:01;2022-03-31 23:59:59
grischeshkoirina222;;;2022-03-31 23:59:59;2020-02-02 00:00:01;2022-03-31 23:59:59
koptyayevaso17;;;2022-03-31 23:59:59;2020-02-02 00:00:01;2022-03-31 23:59:59
kirishenkomariya350;;;2022-03-31 23:59:59;2020-02-02 00:00:01;2022-03-31 23:59:59
martinzivnataliya411;;;2022-03-31 23:59:59;2020-02-02 00:00:01;2022-03-31 23:59:59
buratetyana506;;;2022-03-31 23:59:59;2020-02-02 00:00:01;2022-03-31 23:59:59
kantursvitlana255;;;2022-03-31 23:59:59;2020-02-02 00:00:01;2022-03-31 23:59:59
nediljkoanna064;;;2022-03-31 23:59:59;2020-02-02 00:00:01;2022-03-31 23:59:59
trubinayuliya486;;;2022-03-31 23:59:59;2020-02-02 00:00:01;2022-03-31 23:59:59
pavelkomarina509;;;2022-03-31 23:59:59;2020-02-02 00:00:01;2022-03-31 23:59:59
tkashenkomajya550;;;2022-03-31 23:59:59;2020-02-02 00:00:01;2022-03-31 23:59:59
gajevsjkanataliya558;;;2022-03-31 23:59:59;2020-02-02 00:00:01;2022-03-31 23:59:59
rayevsjkavv10;;;2022-03-31 23:59:59;2020-02-02 00:00:01;2022-03-31 23:59:59
bondarenkons10;;;2022-03-31 23:59:59;2020-02-02 00:00:01;2022-03-31 23:59:59
guljkonatalya566;;;2022-03-31 23:59:59;2020-02-02 00:00:01;2022-03-31 23:59:59
popovamarina264;;;2022-03-31 23:59:59;2020-02-02 00:00:01;2022-03-31 23:59:59
habarovalolita572;;;2022-03-31 23:59:59;2020-02-02 00:00:01;2022-03-31 23:59:59
scherbynavg0320;;;2022-03-31 23:59:59;2020-02-02 00:00:01;2022-03-31 23:59:59
maruschaktm20190607;;;2022-03-31 23:59:59;2020-02-02 00:00:01;2022-03-31 23:59:59
schikitkaalina080;;;2022-03-31 23:59:59;2020-02-02 00:00:01;2022-03-31 23:59:59
babishmarina441;;;2022-03-31 23:59:59;2020-02-02 00:00:01;2022-03-31 23:59:59
