Column1;Column2
1010148;ПН-ПТ: 9:00-18:00, СБ: 9:00-15:00
1010256;ПН-ПТ: 8:00-17:00, СБ: 8:00-14:00
1010059;ПН-ПТ: 9:00-18:00, СБ: 9:00-15:00
1010265;ПН-ПТ: 9:00-18:00, СБ: 9:00-15:00
1010201;ПН-ПТ: 9:00-18:00, СБ: 9:00-15:00
1010234;ПН-ПТ: 9:00-18:00, СБ: 9:00-15:00
1010223;ПН-ПТ: 9:00-18:00, СБ: 9:00-17:00
1010176;ВТ-СБ: 9:00-17:00, НД: 9:00-15:00
1010222;ПН-ПТ: 9:00-18:00, СБ: 9:00-15:00
1010146;ПН-ПТ: 9:00-18:00, СБ: 9:00-15:00
1010266;ПН-ПТ: 9:00-18:00, СБ: 9:00-15:00
1010130;ПН-ПТ: 8:00-19:00, СБ: 8:00-16:00
1010303;ПН-ПТ: 9:00-18:00, СБ: 9:00-15:00
1010143;ПН-ПТ: 9:00-18:00, СБ: 9:00-15:00
1010055;ПН-ПТ: 9:00-18:00, СБ: 9:00-15:00
1010257;ПН-ПТ: 9:00-18:00, СБ: 9:00-15:00
1010020;ПН-ПТ: 9:00-18:00, СБ: 9:00-17:00
1010255;ПН-ПТ: 9:00-18:00, СБ: 9:00-15:00
1010182;ПН-ПТ: 9:00-18:00, СБ: 9:00-15:00
1010110;ПН-ПТ: 9:00-19:00, СБ: 9:00-17:00
1010021;ПН-ПТ: 9:00-19:00, СБ: 9:00-17:00
1010140;ПН-ПТ: 9:00-19:00, СБ: 9:00-15:00
1010282;ПН-ПТ: 9:00-18:00, СБ: 9:00-15:00
1010035;ПН-ПТ: 9:00-19:00, СБ: 9:00-17:00
1010134;ПН-ПТ: 9:00-18:00, СБ: 9:00-15:00
1010179;ПН-ПТ: 9:00-18:00, СБ: 9:00-15:00
1010003;ПН-ПТ: 8:00-20:00, СБ: 9:00-17:00
1010048;ПН-ПТ: 9:00-19:00, СБ: 9:00-17:00
1010068;ПН-ПТ: 9:00-19:00, СБ: 9:00-15:00
1010047;ПН-ПТ: 9:00-19:00, СБ: 9:00-17:00
1010215;ПН-ПТ: 9:00-19:00, СБ: 9:00-15:00
1010093;ПН-ПТ: 9:00-18:00, СБ: 9:00-15:00
1010137;ПН-ПТ: 9:00-19:00, СБ: 9:00-17:00
1010183;ПН-ПТ: 9:00-18:00, СБ: 9:00-15:00
1010106;ПН-ПТ: 9:00-18:00, СБ: 9:00-15:00
1010012;ПН-ПТ: 9:00-19:00, СБ: 9:00-17:00
1010105;ПН-ПТ: 9:00-18:00, СБ: 9:00-15:00
1010261;ПН-ПТ: 9:00-18:00, СБ: 9:00-15:00
1010112;ПН-ПТ: 9:00-18:00, СБ: 9:00-17:00
1010221;ПН-ПТ: 9:00-18:00, СБ: 9:00-15:00
1010118;ПН-ПТ: 9:00-18:00, СБ: 9:00-17:00
1010258;ПН-ПТ: 9:00-18:00, СБ: 9:00-15:00
1010113;ПН-ПТ: 9:00-18:00, СБ: 9:00-15:00
1010240;ПН-ПТ: 9:00-18:00, СБ: 9:00-15:00
1010054;ПН-ПТ: 9:00-20:00, СБ: 9:00-17:00
1010098;ПН-ПТ: 9:00-18:00, СБ: 9:00-17:00
1010026;ПН-ПТ: 8:00-20:00, СБ: 8:00-17:00
1010013;ПН-ПТ: 9:00-19:00, СБ: 9:00-17:00
1010154;ПН-ПТ: 9:00-18:00, СБ: 9:00-17:00
1010141;ПН-ПТ: 9:00-18:00, СБ: 9:00-15:00
1010279;ПН-ПТ: 9:00-18:00, СБ: 9:00-15:00
1010014;ПН-ПТ: 9:00-18:00, СБ: 9:00-17:00
1010205;ПН-ПТ: 9:00-18:00, СБ: 9:00-15:00
1010081;ПН-ПТ: 9:00-18:00, СБ: 9:00-15:00
1010018;ПН-ПТ: 9:00-18:00, СБ: 9:00-15:00
1010019;ПН-ПТ: 9:00-21:00, СБ: 9:00-17:00
1010089;ПН-ПТ: 9:00-18:00, СБ: 9:00-15:00
1010043;ПН-ПТ: 9:00-21:00, СБ: 9:00-17:00
1010122;ПН-ПТ: 9:00-19:00, СБ: 9:00-17:00
1010133;ПН-ПТ: 9:00-19:00, СБ: 9:00-17:00
1010262;ПН-ПТ: 9:00-18:00, СБ: 9:00-15:00
1010186;ПН-ПТ: 9:00-19:00, СБ: 9:00-17:00
1010064;ПН-ПТ: 9:00-19:00, СБ: 9:00-17:00
1010066;ПН-ПТ: 9:00-19:00, СБ: 9:00-17:00
1010151;ПН-ПТ: 9:00-19:00, СБ: 9:00-17:00
1010136;ПН-ПТ: 9:00-18:00, СБ: 9:00-15:00
1010041;ПН-ПТ: 9:00-19:00, СБ: 9:00-17:00
1010115;ПН-ПТ: 9:00-18:00, СБ: 9:00-15:00
1010168;ПН-ПТ: 9:00-18:00, СБ: 9:00-15:00
1010123;ПН-ПТ: 9:00-18:00, СБ: 9:00-15:00
1010085;ПН-ПТ: 9:00-19:00, СБ: 9:00-15:00
1010029;ПН-ПТ: 9:00-18:00, СБ: 9:00-17:00
1010263;ПН-ПТ: 9:00-18:00, СБ: 9:00-15:00
1010030;ПН-ПТ: 9:00-18:00, СБ: 9:00-17:00
1010027;ПН-ПТ: 8:30-18:30, СБ: 9:00-17:00
1010283;ПН-ПТ: 9:00-18:00, СБ: 9:00-15:00
1010023;ПН-ПТ: 9:00-18:00, СБ: 9:00-17:00
1010171;ПН-ПТ: 9:00-18:00, СБ: 9:00-15:00
1010121;ПН-ПТ: 9:00-19:00, СБ: 9:00-17:00
1010243;ПН-ПТ: 9:00-18:00, СБ: 9:00-15:00
1010094;ПН-ПТ: 9:00-18:00, СБ: 9:00-15:00
1010173;ПН-ПТ: 9:00-18:00, СБ: 9:00-15:00
1010135;ПН-ПТ: 9:00-18:00, СБ: 9:00-17:00
1010157;ПН-ПТ: 8:00-18:00, СБ: 9:00-15:00
1010016;ПН-ПТ: 9:00-19:00, СБ: 9:00-17:00
1010063;ПН-ПТ: 9:00-18:00, СБ: 9:00-15:00
1010069;ПН-ПТ: 9:00-18:00, СБ: 9:00-15:00
1010124;ПН-ПТ: 9:00-19:00, СБ: 9:00-15:00
1010002;ПН-ПТ: 9:00-19:00, СБ: 9:00-17:00
1010038;ПН-ПТ: 9:00-19:00, СБ: 9:00-17:00
1010077;ПН-ПТ: 9:00-18:00, СБ: 9:00-15:00
1010009;ПН-ПТ: 9:00-18:00, СБ: 9:00-17:00
1010084;ПН-ПТ: 8:00-18:00, СБ: 9:00-15:00
1010053;ПН-ПТ: 8:00-18:00, СБ: 9:00-17:00
1010028;ПН-ПТ: 9:00-19:00, СБ: 9:00-17:00
1010169;ПН-ПТ: 9:00-18:00, СБ: 9:00-15:00
1010293;ПН-ПТ: 9:00-19:00, СБ: 9:00-15:00
1010092;ПН-ПТ: 9:00-18:00, СБ: 9:00-17:00
1010099;ПН-ПТ: 9:00-18:00, СБ: 9:00-15:00
1010294;ПН-ПТ: 9:00-18:00, СБ: 9:00-15:00
1010087;ПН-ПТ: 9:00-18:00, СБ: 9:00-15:00
1010058;ПН-ПТ: 9:00-18:00, СБ: 9:00-15:00
1010207;ПН-ПТ: 9:00-18:00, СБ: 9:00-15:00
1010259;ПН-ПТ: 9:00-18:00, СБ: 9:00-15:00
1010006;ПН-ПТ: 8:00-20:00, СБ: 8:00-17:00
1010050;ПН-ЧТ: 8:00-16:00, СБ: 9:00-15:00, НД: 9:00-14:00
1010031;ПН-ЧТ: 8:00-15:00, СБ: 9:00-15:00, НД: 9:00-14:00
1010236;ПН-ПТ: 9:00-18:00, СБ: 9:00-15:00
1010178;ПН-ПТ: 9:00-18:00, СБ: 9:00-15:00
1010188;ПН-ПТ: 9:00-18:00, СБ: 9:00-15:00
1010126;ПН-ПТ: 9:00-18:00, СБ: 9:00-15:00
1010219;ПН-ПТ: 9:00-18:00, СБ: 9:00-15:00
1010008;ПН-ПТ: 9:00-18:00, СБ: 9:00-17:00
1010237;ПН-ПТ: 9:00-18:00, СБ: 9:00-17:00
1010277;ПН-ПТ: 9:00-18:00, СБ: 9:00-15:00
1010007;ПН-ПТ: 8:30-18:30, СБ: 9:00-17:00
1010116;ПН-ПТ: 9:00-18:00, СБ: 9:00-15:00
1010104;ПН-ПТ: 8:00-17:00, СБ: 8:00-15:00
1010208;ПН-ПТ: 9:00-18:00, СБ: 9:00-17:00
1010078;ПН-ПТ: 9:00-18:00, СБ: 9:00-15:00
1010074;ПН-ПТ: 9:00-18:00, СБ: 9:00-15:00
1010295;ПН-ПТ: 9:00-18:00, СБ: 9:00-15:00
1010142;ПН-ПТ: 9:00-18:00, СБ: 9:00-15:00
1010091;ПН-ПТ: 9:00-18:00, СБ: 9:00-15:00
1010060;ПН-ПТ: 9:00-19:00, СБ: 9:00-17:00
1010062;ПН-ПТ: 9:00-18:00, СБ: 9:00-15:00
1010017;ПН-ПТ: 9:00-19:00, СБ: 9:00-15:00
1010152;ПН-ПТ: 9.00-19.00, СБ: 9.00-15.00
1010144;ПН-ПТ: 9:00-18:00, СБ: 9:00-15:00
1010177;ПН-ПТ: 9:00-18:00, СБ: 9:00-15:00
1010049;ПН-ПТ: 8:30-18:30, СБ: 9:00-17:00
1010037;ПН-ПТ: 9:00-19:00, СБ: 9:00-17:00
1010172;ПН-ПТ: 9:00-18:00, СБ: 9:00-15:00
1010039;ПН-ПТ: 9:00-19:00, СБ: 9:00-17:00
1010090;ПН-ПТ: 9:00-18:00, СБ: 9:00-15:00
1010190;ПН-ПТ: 9:00-18:00, СБ: 9:00-15:00
1010033;ПН-ПТ: 8:00-20:00, СБ: 9:00-17:00
1010011;ПН-ПТ: 08:00-18:00, СБ: 9:00-17:00
1010032;ПН-ПТ: 8:30-18:30, СБ: 9:00-17:00
1010001;ПН-ПТ: 9:00-19:00, СБ: 9:00-15:00
1010224;ПН-ПТ: 9:00-18:00, СБ: 9:00-15:00
1010211;ПН-ПТ: 9:00-19:00, СБ: 9:00-15:00
1010057;ПН-ПТ: 9:00-19:00, СБ: 9:00-15:00
1010181;ПН-ПТ: 9:00-19:00, СБ: 9:00-15:00
1010015;ПН-ПТ: 9:00-19:00, СБ: 9:00-17:00
1010220;ПН-ПТ: 9:00-18:00, СБ: 9:00-15:00
1010242;ПН-ПТ: 9:00-18:00, СБ: 9:00-15:00
1010155;ПН-ПТ: 9:00-18:00, СБ: 9:00-15:00
1010206;ПН-ПТ: 9:00-19:00, СБ: 9:00-17:00
1010145;ПН-ПТ: 9:00-18:00, СБ: 9:00-15:00
1010034;ПН-ПТ: 9:00-18:00, СБ: 9:00-15:00
1010108;ПН-ПТ: 9:00-18:00, СБ: 9:00-15:00
1010281;ПН-ПТ: 9:00-18:00, СБ: 9:00-15:00
1010238;ПН-ПТ: 9:00-18:00, СБ: 9:00-15:00
1010024;ПН-ПТ: 9:00-19:00, СБ: 9:00-17:00
1010197;ПН-ПТ: 9:00-18:00, СБ: 9:00-15:00
1010051;ПН-ПТ: 9:00-18:00, СБ: 9:00-15:00
1010036;ПН-ПТ: 9:00-19:00, СБ: 9:00-17:00
1010280;ПН-ПТ: 9:00-18:00, СБ: 9:00-15:00
1010167;ПН-ПТ: 9:00-19:00, СБ: 9:00-15:00
1010161;ВТ-ПТ: 8:00-17:00, СБ-НД: 8:00-16:00
1010004;ПН-ПТ: 8:30-18:30, СБ: 9:00-17:00
1010233;ПН-ПТ: 9:00-18:00, СБ: 9:00-15:00
1010254;ПН-ПТ: 9:00-18:00, СБ: 9:00-15:00
1010192;ПН-ПТ: 9:00-18:00, СБ: 9:00-15:00
1010194;ПН-ПТ: 9:00-18:00, СБ: 9:00-15:00
1010227;ПН-ПТ: 9:00-18:00, СБ: 9:00-15:00
1010072;ПН-ПТ: 9:00-18:00, СБ: 9:00-15:00
1010070;ПН-ПТ: 9:00-18:00, СБ: 9:00-15:00
1010129;ПН-ПТ: 8:00-19:00, СБ: 9:00-15:00
1010082;ПН-ПТ: 9:00-19:00, СБ: 9:00-15:00
1010184;ПН-ПТ: 9:00-18:00, СБ: 9:00-15:00
1010250;ПН-ПТ: 9:00-18:00, СБ: 9:00-15:00
1010225;ПН-ПТ: 9:00-18:00, СБ: 9:00-15:00
1010271;ПН-ПТ: 9:00-18:00, СБ: 9:00-15:00
1010103;ПН-ПТ: 9:00-18:00, СБ: 9:00-15:00
1010022;ПН-ПТ: 9:00-18:00, СБ: 9:00-17:00
1010149;ПН-ПТ: 9:00-18:00, СБ: 9:00-15:00
1010290;ПН-ПТ: 9:00-19:00, СБ: 9:00-17:00
1010195;ПН-ПТ: 9:00-19:00, СБ: 9:00-15:00
1010040;ПН-ПТ: 9:00-18:00, СБ: 9:00-17:00
1010114;ПН-ПТ: 9:00-18:00, СБ: 9:00-15:00
1010269;ПН-ПТ: 9:00-18:00, СБ: 9:00-17:00
1010164;ПН-ПТ: 9:00-18:00, СБ: 9:00-15:00
1010132;ПН-ПТ: 9:00-18:00, СБ: 9:00-15:00
1010202;ПН-ПТ: 9:00-18:00, СБ: 9:00-15:00
1010159;ПН-ПТ: 9:00-18:00, СБ: 9:00-15:00
1010071;ПН-ПТ: 9:00-18:00, СБ: 9:00-15:00
1010101;ПН-ПТ: 9:00-18:00, СБ: 9:00-15:00
1010268;ПН-ПТ: 9:00-18:00, СБ: 9:00-17:00
1010120;ПН-ПТ: 9:00-18:00, СБ: 9:00-15:00
1010245;ПН-ПТ: 9:00-18:00, СБ: 9:00-17:00
1010239;ПН-ПТ: 9:00-18:00, СБ: 9:00-15:00
1010158;ПН-ПТ: 9:00-18:00, СБ: 9:00-15:00
1010139;ПН-ПТ: 9:00-19:00, СБ: 9:00-15:00
1010165;ПН-ПТ: 9:00-18:00, СБ: 9:00-15:00
1010102;ПН-ПТ: 9:00-18:00, СБ: 9:00-15:00
1010288;ПН-ПТ: 9:00-18:00, СБ: 9:00-15:00
1010180;ПН-ПТ: 9:00-18:00, СБ: 9:00-15:00
1010153;ПН-ПТ: 9:00-18:00, СБ: 9:00-15:00
1010127;ПН-ПТ: 9:00-18:00, СБ: 9:00-15:00
1010204;ПН-ПТ: 9:00-18:00, СБ: 9:00-15:00
1010229;ПН-ПТ: 9:00-19:00, СБ: 9:00-15:00
1010042;ПН-ПТ: 9:00-21:00, СБ: 9:00-17:00
1010241;ПН-ПТ: 9:00-18:00, СБ: 9:00-15:00
1010044;ПН-ПТ: 9:00-21:00, СБ: 9:00-17:00
1010150;ПН-ПТ: 9:00-19:00, СБ: 9:00-17:00
1010111;ПН-ПТ: 9:00-19:00, СБ: 9:00-17:00
1010005;ПН-ПТ: 9:00-18:00
1010117;ПН-ПТ: 9:00-18:00, СБ: 9:00-15:00
1010065;ПН-ПТ: 9:00-18:00, СБ: 9:00-15:00
1010248;ПН-ПТ: 9:00-18:00, СБ: 9:00-15:00
1010213;ПН-ПТ: 9:00-18:00, СБ: 9:00-15:00
1010100;ПН-ПТ: 9:00-18:00, СБ: 9:00-15:00
1010199;ПН-ПТ: 9:00-18:00, СБ: 9:00-15:00
1010253;ПН-ПТ: 9:00-18:00, СБ: 9:00-17:00
1010162;ПН-ПТ: 8:00-18:00, СБ: 9:00-15:00
1010289;ПН-ПТ: 9:00-18:00, СБ: 9:00-15:00
1010278;ПН-ПТ: 9:00-18:00, СБ: 9:00-15:00
1010096;ПН-ПТ: 9:00-18:00, СБ: 9:00-15:00
1010196;ПН-ПТ: 9:00-18:00, СБ: 9:00-15:00
1010274;ПН-ПТ: 9:00-18:00, СБ: 9:00-15:00
1010128;ПН-ПТ: 9:00-18:00, СБ: 9:00-15:00
1010285;ПН-ПТ: 9:00-18:00, СБ: 9:00-15:00
1010260;ПН-ПТ: 9:00-18:00, СБ: 9:00-15:00
1010131;ПН-ПТ: 9:00-18:00, СБ: 9:00-17:00
1010160;ПН-ПТ: 9:00-18:00, СБ: 9:00-17:00
1010073;ПН-ПТ: 9:00-19:00, СБ: 9:00-15:00
1010191;ПН-ПТ: 9:00-18:00, СБ: 9:00-15:00
1010247;ПН-ПТ: 9:00-18:00, СБ: 9:00-17:00
1010230;ПН-ПТ: 9:00-18:00, СБ: 9:00-15:00
1010232;ПН-ПТ: 9:00-18:00, СБ: 9:00-15:00
1010138;ПН-ПТ: 9:00-18:00, СБ: 9:00-17:00
1010076;ПН-ПТ: 9:00-18:00, СБ: 9:00-17:00
1010156;ПН-ПТ: 9:00-18:00, СБ: 9:00-15:00
1010251;ПН-ПТ: 9:00-18:00, СБ: 9:00-15:00
1010166;ПН-ПТ: 9:00-18:00, СБ: 9:00-17:00
1010193;ПН-ПТ: 9:00-18:00, СБ: 9:00-17:00
1010217;ПН-ПТ: 9:00-18:00, СБ: 9:00-15:00
1010218;ПН-ПТ: 9:00-18:00, СБ: 9:00-15:00
1010275;ПН-ПТ: 8:00-17:00, СБ: 8:00-14:00
1010125;ПН-ПТ: 9:00-18:00, СБ: 9:00-17:00
1010187;ПН-ПТ: 9:00-18:00, СБ: 9:00-15:00
1010276;ПН-ПТ: 9:00-18:00, СБ: 9:00-15:00
1010235;ПН-ПТ: 9:00-18:00, СБ: 9:00-15:00
1010067;ПН-ПТ: 9:00-18:00, СБ: 9:00-15:00
1010200;ПН-ПТ: 9:00-18:00, СБ: 9:00-15:00
1010045;ПН-ПТ: 9:00-18:00, СБ: 9:00-17:00
1010061;ПН-ПТ: 9:00-18:00, СБ: 9:00-15:00
1010075;ПН-ПТ: 9:00-18:00, СБ: 9:00-15:00
1010270;ПН-ПТ: 9:00-18:00, СБ: 9:00-17:00
1010163;ПН-ПТ: 9:00-18:00, СБ: 9:00-15:00
1010010;ПН-ПТ: 9:00-18:00, СБ: 9:00-17:00
1010214;ПН-ПТ: 9:00-18:00, СБ: 9:00-15:00
1010056;ПН-ПТ: 9:00-18:00, СБ: 9:00-17:00
1010097;ПН-ПТ: 9:00-18:00, СБ: 9:00-15:00
1010185;ПН-ПТ: 9:00-18:00, СБ: 9:00-15:00
1010212;ПН-ПТ: 9:00-18:00, СБ: 9:00-15:00
1010287;ПН-ПТ: 9:00-18:00, СБ: 9:00-15:00
1010216;ПН-ПТ: 9:00-18:00, СБ: 9:00-15:00
1010209;ПН-ПТ: 9:00-18:00, СБ: 9:00-15:00
1010079;ПН-ПТ: 9:00-18:00, СБ: 9:00-15:00
1010272;ПН-ПТ: 9:00-18:00, СБ: 9:00-15:00
1010246;ПН-ПТ: 9:00-18:00, СБ: 9:00-15:00
1010095;ПН-ПТ: 9:00-18:00, СБ: 9:00-15:00
1010228;ПН-ПТ: 9:00-18:00, СБ: 9:00-15:00
1010264;ПН-ПТ: 9:00-18:00, СБ: 9:00-15:00
1010080;ПН-ПТ: 9:00-18:00, СБ: 9:00-15:00
1010305;ПН-ПТ: 9:00-18:00, СБ: 9:00-15:00
1010252;ПН-ПТ: 9:00-18:00, СБ: 9:00-15:00
1010302;ПН-ПТ: 9:00-18:00, СБ: 9:00-15:00
1010083;ПН-ПТ: 9:00-18:00, СБ: 9:00-15:00
1010300;ПН-ПТ: 9:00-18:00, СБ: 9:00-15:00
1010307;ПН-ПТ: 9:00-18:00, СБ: 9:00-15:00
1010226;ВТ-ПТ: 9:00-16:00, СБ: 9:00-15:00, НД: 9:00-13:00
1010297;ПН-ПТ: 9:00-18:00, СБ: 9:00-15:00
1010298;ВТ-ПТ: 9:00-16:00, СБ: 9:00-15:00, НД: 9:00-13:00
1010296;ПН-ПТ: 9:00-18:00, СБ: 9:00-15:00
1010309;ПН-ПТ: 9:00-18:00, СБ: 9:00-15:00
1010310;ПН-ПТ: 9:00-18:00, СБ: 9:00-15:00
1010311;ПН-ПТ: 9:00-18:00, СБ: 9:00-15:00
1010304;ПН-ПТ: 9:00-19:00, СБ: 9:00-15:00
1010308;ПН-ПТ: 9:00-18:00, СБ: 9:00-15:00
1010086;ПН-ПТ: 8:00-18:00, СБ: 9:00-15:00
1010079;ПН-ПТ: 9:00-18:00, СБ: 9:00-15:00
1010314;ПН-ПТ: 9:00-18:00, СБ: 9:00-15:00
1010306;ПН-ПТ: 9:00-18:00, СБ: 9:00-15:00
1010315;ПН-ПТ: 9:00-18:00, СБ: 9:00-17:00
1010317;ПН-ПТ: 9:00-18:00, СБ: 9:00-15:00
1010320;ПН-ПТ: 9:00-18:00, СБ: 9:00-15:00
1010322;ПН-ПТ: 9:00-18:00, СБ: 9:00-15:00
1010319;ПН-ПТ: 9:00-18:00, СБ: 9:00-15:00
1010312;ПН-ПТ: 9:00-18:00, СБ: 9:00-15:00
1010313;ПН-ПТ: 9:00-18:00, СБ: 9:00-15:00
1010147;ПН-ПТ: 9:00-18:00, СБ: 9:00-15:00
1010321;ПН-ПТ: 9:00-18:00, СБ: 9:00-15:00
1010323;ПН-ПТ: 9:00-18:00, СБ: 9:00-15:00
1010324;ПН-ПТ: 9:00-18:00, СБ: 9:00-15:00
1010325;ПН-ПТ: 9:00-18:00, СБ: 9:00-15:00
1010326;ПН-ПТ: 9:00-18:00, СБ: 9:00-15:00
1010327;ПН-ПТ: 9:00-18:00, СБ: 9:00-15:00
1010328;ПН-ПТ: 9:00-18:00, СБ: 9:00-15:00
1010329;ПН-ПТ: 9:00-18:00, СБ: 9:00-15:00
1010330;ПН-ПТ: 9:00-18:00, СБ: 9:00-15:00
1010331;ПН-ПТ: 9:00-18:00, СБ: 9:00-15:00
1010332;ПН-ПТ: 9:00-18:00, СБ: 9:00-15:00
1010333;ПН-ПТ: 9:00-18:00, СБ: 9:00-15:00
1010334;ПН-ПТ: 9:00-18:00, СБ: 9:00-15:00
1010335;ПН-ПТ: 9:00-18:00, СБ: 9:00-15:00
1010336;ПН-ПТ: 9:00-18:00, СБ: 9:00-15:00
1010337;ПН-ПТ: 9:00-18:00, СБ: 9:00-15:00
1010338;ПН-ПТ: 9:00-18:00, СБ: 9:00-15:00
1010339;ПН-ПТ: 9:00-18:00, СБ: 9:00-15:00
1010340;ПН-ПТ: 9:00-18:00, СБ: 9:00-15:00
1010341;ПН-ПТ: 9:00-18:00, СБ: 9:00-15:00
1010342;ПН-ПТ: 9:00-18:00, СБ: 9:00-15:00
1010343;ПН-ПТ: 9:00-18:00, СБ: 9:00-15:00
1010344;ПН-ПТ: 9:00-18:00, СБ: 9:00-15:00
1010345;ПН-ПТ: 9:00-18:00, СБ: 9:00-15:00
1010346;ПН-ПТ: 9:00-18:00, СБ: 9:00-15:00
1010347;ПН-ПТ: 9:00-18:00, СБ: 9:00-15:00
1010348;ПН-ПТ: 9:00-18:00, СБ: 9:00-15:00
1010349;ПН-ПТ: 9:00-18:00, СБ: 9:00-15:00
1010350;ПН-ПТ: 9:00-18:00, СБ: 9:00-15:00
1010351;ПН-ПТ: 9:00-18:00, СБ: 9:00-15:00
1010352;ПН-ПТ: 9:00-18:00, СБ: 9:00-15:00
