1330004;ПН-НД: 8:00-20:00
1330012;ПН-НД: 9:00-20:00
1330013;ПН-НД: 8:00-20:00
1330018;ПН-НД: 8:00-20:00
1330016;ПН-НД: 8:00-20:00
1330011;ПН-НД: 8:00-20:00
1330015;ПН-НД: 8:00-20:00
1330019;ПН-НД: 8:00-20:00
1330014;ПН-НД: 8:00-20:00
1330017;ПН-НД: 8:00-20:00
1330007;ПН-НД: 8:00-20:00
1330020;ПН-НД: 8:00-20:00
1330001;ПН-НД: 8:00-20:00
1330002;ПН-НД: 8:00-20:00
1330022;ПН-НД: 8:00-20:00
1330024;ПН-НД: 8:00-20:00
1330027;ПН-НД: 10:00-20:00
1330028;ПН-НД: 10:00-20:00
1330029;ПН-НД: 8:00-20:00
1330030;ПН-НД: 8:00-20:00
1330033;ПН-НД: 8:00-20:00
1330034;ПН-НД: 8:00-20:00
1330036;ПН-НД: 8:00-20:00
1330037;ПН-НД: 8:00-20:00
1330039;ПН-НД: 8:00-20:00
1330236;ПН-НД: 8:00-20:00
1330041;ПН-НД: 8:00-20:00
1330042;ПН-НД: 8:00-20:00
1330043;ПН-НД: 8:00-20:00
1330044;ПН-НД: 8:00-20:00
1330045;ПН-НД: 8:00-20:00
1330047;ПН-НД: 8:00-20:00
1330048;ПН-НД: 8:00-20:00
1330049;ПН-НД: 8:00-20:00
1330050;ПН-НД: 8:00-20:00
1330051;ПН-НД: 8:00-20:00
1330056;ПН-НД: 8:00-20:00
1330252;ПН-НД: 8:00-20:00
1330232;ПН-НД: 8:00-20:00
1330248;ПН-НД: 8:00-20:00
1330067;ПН-НД: 8:00-20:00
1330068;ПН-НД: 8:00-20:00
1330069;ПН-НД: 8:00-20:00
1330070;ПН-НД: 8:00-20:00
1330233;ПН-НД: 8:00-20:00
1330072;ПН-НД: 8:00-20:00
1330073;ПН-НД: 8:00-20:00
1330077;ПН-НД: 8:00-20:00
1330078;ПН-НД: 8:00-20:00
1330080;ПН-НД: 8:00-20:00
1330084;ПН-НД: 8:00-19:00
1330086;ПН-НД: 8:00-20:00
1330040;ПН-НД: 8:00-20:00
1330087;ПН-НД: 8:00-20:00
1330026;ПН-НД: 8:00-20:00
1330089;ПН-НД: 8:00-20:00
1330090;ПН-НД: 8:00-20:00
1330091;ПН-НД: 8:00-20:00
1330092;ПН-НД: 8:00-20:00
1330093;ПН-НД: 8:00-20:00
1330094;ПН-НД: 8:00-20:00
1330097;ПН-НД: 8:00-20:00
1330099;ПН-НД: 8:00-20:00
1330100;ПН-НД: 8:00-20:00
1330101;ПН-НД: 8:00-20:00
1330102;ПН-НД: 8:00-20:00
1330253;ПН-НД: 8:00-20:00
1330106;ПН-НД: 8:00-20:00
1330107;ПН-НД: 8:00-20:00
1330109;ПН-НД: 8:00-20:00
1330111;ПН-НД: 8:00-20:00
1330112;ПН-НД: 8:00-20:00
1330113;ПН-НД: 8:00-20:00
1330114;ПН-НД: 8:00-20:00
1330116;ПН-НД: 8:00-20:00
1330117;ПН-НД: 8:00-20:00
1330118;ПН-НД: 8:00-20:00
1330119;ПН-НД: 8:00-20:00
1330120;ПН-НД: 8:00-20:00
1330121;ПН-НД: 8:00-20:00
1330123;ПН-НД: 8:00-20:00
1330125;ПН-НД: 8:00-20:00
1330126;ПН-НД: 8:00-20:00
1330127;ПН-НД: 9:00-20:00
1330129;ПН-НД: 8:00-20:00
1330130;ПН-НД: 8:00-20:00
1330132;ПН-НД: 8:00-20:00
1330133;ПН-НД: 8:00-20:00
1330134;ПН-НД: 8:00-20:00
1330135;ПН-НД: 8:00-20:00
1330138;ПН-НД: 8:00-20:00
1330139;ПН-НД: 8:00-20:00
1330140;ПН-НД: 8:00-20:00
1330359;ПН-НД: 8:00-20:00
1330141;ПН-НД: 8:00-20:00
1330143;ПН-НД: 8:00-20:00
1330144;ПН-НД: 8:00-20:00
1330145;ПН-НД: 8:00-20:00
1330166;ПН-НД: 8:00-20:00
1330147;ПН-НД: 8:00-20:00
1330148;ПН-НД: 8:00-20:00
1330360;ПН-НД: 8:00-20:00
1330149;ПН-НД: 8:00-20:00
1330150;ПН-НД: 8:00-20:00
1330151;ПН-НД: 8:00-20:00
1330378;ПН-НД: 8:00-20:00
1330154;ПН-НД: 8:00-20:00
1330155;ПН-НД: 8:00-20:00
1330156;ПН-НД: 8:00-20:00
1330157;ПН-НД: 8:00-20:00
1330158;ПН-НД: 8:00-20:00
1330161;ПН-НД: 8:00-20:00
1330162;ПН-НД: 8:00-20:00
1330163;ПН-НД: 8:00-20:00
1330164;ПН-НД: 8:00-20:00
1330165;ПН-НД: 8:00-20:00
1330168;ПН-НД: 8:00-20:00
1330170;ПН-НД: 8:00-20:00
1330171;ПН-ПТ: 9:00-19:00, СБ-НД: 9:00-18:00
1330173;ПН-НД: 8:00-20:00
1330174;ПН-НД: 8:00-20:00
1330175;ПН-НД: 8:00-20:00
1330177;ПН-НД: 8:00-20:00
1330179;ПН-НД: 8:00-20:00
1330180;ПН-НД: 8:00-20:00
1330181;ПН-НД: 8:00-20:00
1330182;ПН-НД: 8:00-20:00
1330183;ПН-НД: 8:00-20:00
1330185;ПН-НД: 9:00-19:00
1330186;ПН-НД: 8:00-20:00
1330187;ПН-НД: 8:00-20:00
1330189;ПН-НД: 8:00-20:00
1330190;ПН-НД: 8:00-20:00
1330192;ПН-НД: 8:00-20:00
1330193;ПН-НД: 8:00-20:00
1330196;ПН-НД: 8:00-20:00
1330197;ПН-НД: 8:00-20:00
1330198;ПН-НД: 8:00-20:00
1330199;ПН-НД: 8:00-20:00
1330200;ПН-НД: 8:00-20:00
1330071;ПН-НД: 8:00-20:00
1330291;ПН-НД: 9:00-20:00
1330065;ПН-НД: 8:00-20:00
1330061;ПН-НД: 8:00-20:00
1330053;ПН-НД: 8:00-20:00
1330203;ПН-НД: 8:00-20:00
1330204;ПН-НД: 8:00-20:00
1330205;ПН-НД: 8:00-20:00
1330206;ПН-НД: 8:00-20:00
1330209;ПН-НД: 8:00-20:00
1330211;ПН-НД: 8:00-20:00
1330212;ПН-НД: 8:00-20:00
1330214;ПН-НД: 8:00-20:00
1330215;ПН-НД: 8:00-20:00
1330216;ПН-НД: 8:00-20:00
1330217;ПН-НД: 8:00-20:00
1330218;ПН-НД: 8:00-20:00
1330046;ПН-НД: 8:00-20:00
1330222;ПН-НД: 8:00-20:00
1330289;ПН-НД: 8:00-20:00
1330224;ПН-НД: 8:00-20:00
1330225;ПН-НД: 8:00-20:00
1330226;ПН-НД: 8:00-20:00
1330239;ПН-НД: 8:00-20:00
1330228;ПН-НД: 8:00-20:00
1330229;ПН-НД: 8:00-20:00
1330223;ПН-НД: 8:00-20:00
1330201;ПН-НД: 8:00-20:00
1330074;ПН-НД: 8:00-20:00
1330153;ПН-НД: 8:00-20:00
1330038;ПН-НД: 10:00-20:00
1330152;ПН-НД: 8:00-20:00
1330227;ПН-НД: 9:00-21:00
1330058;ПН-НД: 8:00-20:00
1330063;ПН-НД: 8:00-20:00
1330240;ПН-НД: 8:00-20:00
1330005;ПН-НД: 8:00-20:00
1330234;ПН-НД: 8:00-20:00
1330235;ПН-НД: 8:00-20:00
1330241;ПН-НД: 8:00-20:00
1330242;ПН-НД: 8:00-20:00
1330244;ПН-НД: 8:00-20:00
1330245;ПН-НД: 8:00-20:00
1330246;ПН-НД: 8:00-20:00
1330247;ПН-НД: 8:00-20:00
1330254;ПН-НД: 8:00-20:00
1330256;ПН-НД: 8:00-20:00
1330258;ПН-НД: 8:00-20:00
1330261;ПН-НД: 8:00-20:00
1330003;ПН-НД: 8:00-20:00
1330160;ПН-НД: 9:00-20:00
1330262;ПН-НД: 8:00-20:00
1330264;ПН-НД: 8:00-20:00
1330265;ПН-НД: 8:00-20:00
1330266;ПН-НД: 8:00-20:00
1330267;ПН-НД: 8:00-20:00
1330268;ПН-НД: 8:00-20:00
1330270;ПН-НД: 8:00-20:00
1330271;ПН-НД: 8:00-20:00
1330272;ПН-НД: 8:00-20:00
1330273;ПН-НД: 10:00-20:00
1330275;ПН-НД: 8:00-20:00
1330276;ПН-НД: 8:00-20:00
1330277;ПН-НД: 8:00-20:00
1330278;ПН-НД: 8:00-20:00
1330279;ПН-НД: 8:00-20:00
1330281;ПН-НД: 8:00-20:00
1330282;ПН-НД: 8:00-20:00
1330284;ПН-НД: 8:00-20:00
1330285;ПН-НД: 8:00-20:00
1330287;ПН-НД: 8:00-20:00
1330292;ПН-НД: 8:00-20:00
1330293;ПН-НД: 8:00-20:00
1330294;ПН-НД: 8:00-19:00
1330300;ПН-НД: 8:00-20:00
1330298;ПН-НД: 8:00-20:00
1330313;ПН-НД: 8:00-20:00
1330306;ПН-НД: 8:00-20:00
1330310;ПН-НД: 8:00-20:00
1330305;ПН-НД: 8:00-20:00
1330312;ПН-НД: 8:00-20:00
1330314;ПН-НД: 8:00-20:00
1330315;ПН-НД: 8:00-20:00
1330316;ПН-НД: 8:00-20:00
1330317;ПН-НД: 8:00-20:00
1330319;ПН-НД: 8:00-20:00
1330321;ПН-НД: 8:00-20:00
1330322;ПН-НД: 8:00-20:00
1330327;ПН-НД: 8:00-20:00
1330328;ПН-НД: 8:00-20:00
1330329;ПН-НД: 8:00-20:00
1330330;ПН-НД: 8:00-20:00
1330331;ПН-НД: 8:00-20:00
1330333;ПН-НД: 8:00-20:00
1330334;ПН-НД: 8:00-20:00
1330335;ПН-НД: 8:00-20:00
1330336;ПН-НД: 8:00-20:00
1330337;ПН-НД: 8:00-20:00
1330338;ПН-НД: 8:00-20:00
1330339;ПН-НД: 8:00-20:00
1330344;ПН-НД: 8:00-20:00
1330346;ПН-НД: 8:00-20:00
1330348;ПН-НД: 9:00-20:00
1330351;ПН-НД: 8:00-20:00
1330361;ПН-НД: 8:00-20:00
1330362;ПН-НД: 8:00-20:00
1330364;ПН-НД: 8:00-20:00
1330365;ПН-НД: 8:00-20:00
1330372;ПН-НД: 9:00-19:00
1330373;ПН-НД: 8:00-20:00
1330375;ПН-НД: 8:00-20:00
1330377;ПН-НД: 8:00-20:00
1330397;ПН-НД: 8:00-20:00
1330382;ПН-НД: 8:00-19:00
1330383;ПН-НД: 8:00-20:00
1330384;ПН-НД: 8:00-20:00
1330385;ПН-НД: 8:00-20:00
1330386;ПН-НД: 8:00-20:00
1330387;ПН-НД: 8:00-20:00
1330389;ПН-НД: 8:00-20:00
1330390;ПН-НД: 8:00-20:00
1330391;ПН-НД: 8:00-20:00
1330392;ПН-НД: 8:00-20:00
1330393;ПН-НД: 8:00-20:00
1330394;ПН-НД: 8:00-20:00
1330395;ПН-НД: 8:00-20:00
1330396;ПН-НД: 8:00-20:00
1330398;ПН-НД: 8:00-20:00
1330401;ПН-НД: 8:00-20:00
1330404;ПН-НД: 8:00-20:00
1330405;ПН-НД: 8:00-20:00
1330406;ПН-НД: 8:00-20:00
1330411;ПН-НД: 8:00-20:00
1330413;ПН-НД: 8:00-20:00
1330418;ПН-НД: 8:00-20:00
1330419;ПН-НД: 8:00-20:00
1330421;ПН-НД: 8:00-20:00
1330422;ПН-НД: 8:00-20:00
1330423;ПН-НД: 8:00-20:00
1330424;ПН-НД: 8:00-20:00
1330425;ПН-НД: 8:00-20:00
1330426;ПН-НД: 8:00-20:00
1330429;ПН-НД: 8:00-20:00
1330431;ПН-НД: 8:00-20:00
1330432;ПН-НД: 8:00-20:00
1330434;ПН-НД: 8:00-20:00
1330437;ПН-НД: 8:00-20:00
1330439;ПН-НД: 8:00-20:00
1330440;ПН-НД: 10:00-20:00
1330443;ПН-НД: 8:00-20:00
1330449;ПН-НД: 8:00-20:00
1330450;ПН-НД: 8:00-20:00
1330453;ПН-НД: 8:00-20:00
1330456;ПН-НД: 8:00-20:00
1330458;ПН-НД: 9:00-18:00
1330459;ПН-НД: 8:00-20:00
1330460;ПН-НД: 8:00-20:00
1330467;ПН-НД: 8:00-20:00
1330468;ПН-НД: 8:00-20:00
1330470;ПН-НД: 8:00-20:00
1330471;ПН-НД: 8:00-20:00
1330475;ПН-НД: 8:00-20:00
1330479;ПН-НД: 8:00-20:00
1330483;ПН-НД: 8:00-20:00
1330487;ПН-НД: 8:30-20:30
1330486;ПН-НД: 8:00-20:00
1330488;ПН-НД: 8:00-20:00
1330489;ПН-НД: 8:00-20:00
1330490;ПН-НД: 8:15-20:00
1330493;ПН-НД: 8:00-19:00
1330494;ПН-НД: 8:00-19:00
1330497;ПН-НД: 8:00-20:00
1330085;ПН-НД: 8:00-20:00
1330498;ПН-НД: 8:00-20:00
1330501;ПН-НД: 8:00-20:00
1330503;ПН-НД: 8:00-20:00
1330521;ПН-НД: 8:00-20:00
1330505;ПН-НД: 8:00-20:00
1330508;ПН-НД: 8:00-20:00
1330509;ПН-НД: 8:00-20:00
1330511;ПН-НД: 8:00-20:00
1330513;ПН-НД: 8:00-20:00
1330010;ПН-НД: 8:00-20:00
1330082;ПН-НД: 9:00-20:00
1330515;ПН-НД: 8:00-20:00
1330356;ПН-НД: 8:00-20:00
1330469;ПН-НД: 8:00-20:00
1330288;ПН-НД: 8:00-20:00
1330202;ПН-НД: 8:00-20:00
1330368;ПН-НД: 8:00-20:00
1330259;ПН-НД: 8:00-20:00
1330357;ПН-НД: 8:00-20:00
1330320;ПН-НД: 8:00-20:00
1330021;ПН-НД: 8:00-20:00
1330008;ПН-НД: 8:00-20:00
1330381;ПН-НД: 8:00-20:00
1330304;ПН-НД: 8:30-20:30
1330098;ПН-НД: 8:00-20:00
1330096;ПН-НД: 8:00-20:00
1330124;ПН-НД: 8:00-20:00
1330409;ПН-НД: 8:00-20:00
1330178;ПН-НД: 8:00-20:00
1330570;ПН-НД: 8:00-20:00
1330325;ПН-НД: 8:00-20:00
1330269;ПН-НД: 8:00-20:00
1330208;ПН-НД: 8:00-20:00
1330088;ПН-НД: 8:00-20:00
1330052;ПН-НД: 8:00-20:00
1330142;ПН-НД: 9:00-20:00
1330167;ПН-НД: 8:00-20:00
1330565;ПН-НД: 8:00-20:00
1330578;ПН-НД: 8:00-20:00
1330462;ПН-НД: 8:00-18:00
1330347;ПН-НД: 8:00-20:00
1330480;ПН-НД: 8:00-20:00
1330318;ПН-НД: 8:00-20:00
1330546;ПН-НД: 9:00-19:00
1330548;ПН-НД: 8:00-20:00
1330549;ПН-НД: 8:00-20:00
1330550;ПН-НД: 9:00-20:00
1330553;ПН-НД: 8:00-20:00
1330554;ПН-НД: 8:00-20:00
1330555;ПН-ПТ: 8:30-19:30, СБ-НД: 9:30-18:00
1330557;ПН-НД: 8:00-20:00
1330559;ПН-НД: 9:00-20:00
1330560;ПН-СБ: 10:00-19:00, НД: 10:00-18:00
1330562;ПН-НД: 8:00-19:00
1330563;ПН-НД: 8:00-19:00
1330564;ПН-НД: 8:00-20:00
1330566;ПН-НД: 9:00-20:00
1330567;ПН-НД: 8:00-20:00
1330283;ПН-НД: 8:00-20:00
1330569;ПН-НД: 9:30-18:30
1330571;ПН-НД: 8:00-20:00
1330572;ПН-НД: 9:00-20:00
1330573;ПН-НД: 8:00-20:00
1330575;ПН-НД: 8:00-20:00
1330576;ПН-НД: 8:00-20:00
1330577;ПН-НД: 8:00-20:00
1330579;ПН-НД: 8:00-20:00
1330358;ПН-НД: 8:00-20:00
1330517;ПН-НД: 8:00-20:00
1330237;ПН-НД: 8:00-20:00
1330558;ПН-НД: 8:00-20:00
1330461;ПН-НД: 8:00-20:00
1330545;ПН-НД: 10:00-20:00
1330510;ПН-НД: 8:00-20:00
1330484;ПН-НД: 8:00-20:00
1330326;ПН-НД: 8:00-20:00
1330079;ПН-НД: 8:00-20:00
1330402;ПН-НД: 8:00-20:00
1330083;ПН-НД: 8:00-20:00
1330137;ПН-НД: 8:00-20:00
1330477;ПН-НД: 8:00-20:00
1330255;ПН-НД: 8:00-20:00
1330301;ПН-НД: 8:00-20:00
1330345;ПН-НД: 8:00-20:00
1330500;ПН-НД: 8:00-20:00
1330451;ПН-НД: 8:00-20:00
1330446;ПН-НД: 8:00-20:00
1330350;ПН-НД: 8:00-20:00
1330495;ПН-ПТ: 9:00-19:00, СБ: 9:00-18:00, НД: 10:00-17:00
1330213;ПН-НД: 8:00-20:00
1330580;ПН-НД: 8:00-20:00
1330309;ПН-НД: 8:00-20:00
1330367;ПН-НД: 8:00-20:00
1330512;ПН-НД: 8:00-20:00
1330075;ПН-НД: 8:00-20:00
1330280;ПН-НД: 8:00-20:00
1330128;ПН-НД: 8:00-20:00
1330023;ПН-НД: 8:00-20:00
1330407;ПН-НД: 8:00-20:00
1330260;ПН-НД: 8:00-20:00
1330463;ПН-ЧТ: 8:00-17:00, СБ-НД: 8:00-17:00
1330442;ПН-НД: 9:00-20:00
1330371;ПН-НД: 8:00-20:00
1330251;ПН-НД: 8:00-18:00
1330353;ПН-НД: 8:00-20:00
1330341;ПН-НД: 9:00-21:00
1330452;ПН-НД: 8:00-20:00
1330296;ПН-НД: 8:00-20:00
1330263;ПН-НД: 8:00-20:00
1330303;ПН-НД: 8:00-20:00
1330552;ПН-НД: 8:00-20:00
1330466;ПН-НД: 8:00-20:00
1330308;ПН-НД: 8:00-20:00
1330131;ПН-НД: 8:00-20:00
1330122;ПН-НД: 8:00-20:00
1330502;ПН-НД: 8:00-20:00
1330455;ПН-НД: 8:00-20:00
1330416;ПН-НД: 8:00-20:00
1330415;ПН-НД: 8:00-20:00
1330299;ПН-НД: 8:00-18:00
1330194;ПН-НД: 8:00-20:00
1330146;ПН-НД: 8:00-20:00
1330465;ПН-НД: 8:00-20:00
1330568;ПН-ПТ: 8:00-20:00, СБ: 8:00-17:00
1330408;ПН-НД: 8:00-19:00
1330286;ПН-ПТ: 8:00-20:00, СБ: 9:00-17:00, НД: 9:00-15:00
1330297;ПН-СБ: 9:00-18:00
1330533;ПН-ПТ: 9:00-19:00, СБ-НД: 10:00-16:00
1330532;ПН-ПТ: 8:00-18:00, СБ: 8:00-16:00
1330369;ПН-ПТ: 9:00-18:00, СБ: 9:00-15:00
1330535;ПН-НД: 9:00-19:00
1330534;ПН-НД: 8:00-20:00
1330591;ПН-ПТ: 8:00-20:00, СБ-НД: 9:00-18:00
1330581;ПН-НД: 8:00-20:00
1330588;ПН-НД: 8:00-20:00
1330597;ПН-ПТ: 8:00-20:00, СБ: 9:00-17:00, НД: 9:00-15:00
1330584;ПН-ПТ: 9:00-18:00, СБ: 8:00-16:00
1330585;ПН-НД: 8:00-20:00
1330594;ПН-НД: 8:00-20:00
1330595;ПН-ЧТ: 8:00-17:00, СБ-НД: 8:00-17:00
1330586;ПН-СБ: 8:00-18:00, НД: 8:00-14:00
1330590;ПН-СБ: 8:00-18:00, НД: 8:00-14:00
1330184;ПН-НД: 8:00-20:00
1330188;ПН-НД: 8:00-20:00
1330219;ПН-НД: 8:00-20:00
1330250;ПН-НД: 8:00-20:00
1330355;ПН-НД: 9:00-20:00
1330441;ПН-НД: 8:00-20:00
1330464;ПН-НД: 8:00-20:00
1330492;ПН-ПТ: 9:00-20:00, СБ-НД: 9:00-19:00
1330583;ПН-НД: 8:00-20:00
1330542;ПН-ПТ: 8:00-17:00, СБ: 9:00-15:00
1330596;ПН-ПТ: 9:00-18:00, СБ: 9:00-16:00
1330598;ПН-НД: 8:00-20:00
1330599;ПН-НД: 8:00-20:00
1330600;ПН-НД: 8:00-20:00
1330601;ПН-НД: 8:00-20:00
1330602;ПН-НД: 8:00-20:00
1330603;ПН-НД: 8:00-20:00
1330604;ПН-НД: 8:00-20:00
1330605;ПН-НД: 8:00-20:00
1330606;ПН-НД: 8:00-20:00
1330607;ПН-НД: 8:00-20:00
1330608;ПН-НД: 8:00-20:00
1330609;ПН-НД: 8:00-20:00
1330610;ПН-НД: 8:00-20:00
1330611;ПН-НД: 8:00-20:00
1330612;ПН-НД: 8:00-20:00
1330613;ПН-НД: 8:00-20:00
1330614;ПН-НД: 8:00-20:00
1330615;ПН-НД: 8:00-20:00
1330616;ПН-НД: 8:00-20:00
1330617;ПН-НД: 8:00-20:00
1330618;ПН-НД: 8:00-20:00
1330619;ПН-НД: 8:00-20:00
1330620;ПН-НД: 8:00-20:00
1330621;ПН-НД: 8:00-20:00
1330622;ПН-НД: 8:00-20:00
1330623;ПН-НД: 8:00-20:00
1330624;ПН-НД: 8:00-20:00