1700001;ПН-ПТ 10:00-15:00
1700002;ПН-ПТ 10:00-15:00
1700003;ПН-ПТ 10:00-15:00
1700004;ПН-ПТ 10:00-15:00
1700006;ПН-ПТ 10:00-15:00
1700007;ПН-ПТ 10:00-15:00
1700010;ПН-ПТ 10:00-15:00
1700011;ПН-ПТ 10:00-15:00
1700013;ПН-ПТ 10:00-15:00
1700014;ПН-ПТ 10:00-15:00
1700016;ПН-ПТ 10:00-15:00
1700018;ПН-ПТ 10:00-15:00
1700020;ПН-ПТ 10:00-15:00
1700022;ПН-ПТ 10:00-15:00
1700024;ПН-ПТ 10:00-15:00
1700027;ПН-ПТ 10:00-15:00
1700028;ПН-ПТ 10:00-15:00
1700030;ПН-ПТ 10:00-15:00
1700033;ПН-ПТ 10:00-15:00
1700034;ПН-ПТ 10:00-15:00
1700035;ПН-ПТ 10:00-15:00
1700038;ПН-ПТ 10:00-15:00
1700040;ПН-ПТ 10:00-15:00
1700042;ПН-ПТ 10:00-15:00
1700043;ПН-ПТ 10:00-15:00
1700045;ПН-ПТ 10:00-15:00
1700053;ПН-ПТ 10:00-15:00
1700054;ПН-ПТ 10:00-15:00
1700056;ПН-ПТ 10:00-15:00
1700061;ПН-ПТ 10:00-15:00
1700062;ПН-ПТ 10:00-15:00
1700069;Пн-Пт 10:00-15:00
1700071;ПН-ПТ 10:00-15:00
1700075;ПН-ПТ 10:00-15:00